bucket,cl_open,cl_high,cl_low,cl_close,bren_open,bren_high,bren_low,bren_close,spread_abs_bren_minus_cl,spread_pct_vs_cl
2026-03-04 16:00,74.271000,74.758000,73.664000,74.193000,81.100000,81.502000,80.716000,81.050000,6.857000,0.092421
2026-03-04 17:00,74.206000,75.240000,74.118000,75.162000,81.050000,81.792000,81.050000,81.629000,6.467000,0.086041
2026-03-04 18:00,75.174000,75.240000,74.721000,74.876000,81.677000,81.804000,81.345000,81.440000,6.564000,0.087665
2026-03-04 19:00,74.862000,74.862000,74.373000,74.559000,81.470000,81.470000,80.981000,81.214000,6.655000,0.089258
2026-03-04 20:00,74.568000,75.430000,74.568000,75.388000,81.222000,81.946000,81.222000,81.612000,6.224000,0.082560
2026-03-04 21:00,75.369000,76.276000,75.304000,76.073000,81.782000,82.570000,81.782000,82.570000,6.497000,0.085405
2026-03-04 22:00,76.054000,76.465000,75.545000,75.767000,81.904000,82.849000,81.798000,82.842000,7.075000,0.093378
2026-03-04 23:00,75.829000,76.120000,75.781000,75.910000,82.609000,82.609000,82.320000,82.325000,6.415000,0.084508
2026-03-05 00:00,75.923000,75.923000,75.488000,75.706000,82.337000,82.337000,82.081000,82.205000,6.499000,0.085845
2026-03-05 01:00,75.706000,76.999000,75.706000,76.973000,82.293000,83.521000,82.281000,83.086000,6.113000,0.079417
2026-03-05 02:00,76.999000,77.466000,76.818000,77.451000,83.426000,83.861000,83.286000,83.828000,6.377000,0.082336
2026-03-05 03:00,77.430000,77.430000,76.950000,77.046000,83.762000,83.803000,83.472000,83.681000,6.635000,0.086117
2026-03-05 04:00,77.051000,77.602000,77.001000,77.323000,83.703000,84.153000,83.703000,83.947000,6.624000,0.085667
2026-03-05 05:00,77.353000,78.103000,77.303000,77.760000,84.027000,84.755000,84.005000,84.411000,6.651000,0.085532
2026-03-05 06:00,77.724000,77.826000,76.153000,76.674000,84.377000,84.440000,82.403000,83.218000,6.544000,0.085348
2026-03-05 07:00,76.713000,77.354000,76.652000,77.213000,83.267000,84.138000,83.257000,83.784000,6.571000,0.085102
2026-03-05 08:00,77.172000,77.720000,76.900000,77.059000,83.788000,84.312000,83.561000,83.592000,6.533000,0.084779
2026-03-05 09:00,77.057000,77.181000,74.996000,76.313000,83.532000,83.566000,81.644000,82.982000,6.669000,0.087390
2026-03-05 10:00,76.367000,76.652000,76.112000,76.449000,82.893000,83.093000,82.501000,83.008000,6.559000,0.085796
2026-03-05 11:00,76.459000,77.182000,76.305000,77.075000,82.956000,83.645000,82.811000,83.570000,6.495000,0.084269
2026-03-05 12:00,77.054000,77.489000,76.661000,77.206000,83.532000,83.688000,83.106000,83.501000,6.295000,0.081535
2026-03-05 13:00,77.188000,77.342000,76.603000,77.096000,83.477000,83.683000,82.840000,83.543000,6.447000,0.083623
2026-03-05 14:00,77.078000,78.353000,76.827000,77.934000,83.491000,84.312000,83.309000,83.842000,5.908000,0.075808
2026-03-05 15:00,77.923000,79.066000,77.631000,78.598000,83.771000,84.651000,83.609000,84.075000,5.477000,0.069684
2026-03-05 16:00,78.653000,79.957000,78.311000,79.203000,84.079000,84.959000,83.761000,84.360000,5.157000,0.065111
2026-03-05 17:00,79.135000,79.802000,78.804000,79.653000,84.313000,84.810000,83.879000,84.775000,5.122000,0.064304
2026-03-05 18:00,79.621000,81.140000,79.062000,80.896000,84.641000,85.770000,84.234000,85.241000,4.345000,0.053711
2026-03-05 19:00,80.797000,81.704000,80.582000,81.567000,85.167000,86.000000,85.140000,85.976000,4.409000,0.054054
2026-03-05 20:00,81.567000,82.082000,79.329000,79.802000,85.998000,86.323000,84.273000,84.689000,4.887000,0.061239
2026-03-05 21:00,79.800000,79.968000,78.549000,78.878000,84.702000,84.795000,83.594000,84.062000,5.184000,0.065722
2026-03-05 22:00,78.923000,80.440000,78.851000,80.416000,84.113000,86.037000,83.303000,83.975000,3.559000,0.044257
2026-03-05 23:00,80.384000,80.415000,78.865000,79.477000,83.918000,84.700000,83.901000,84.485000,5.008000,0.063012
2026-03-06 00:00,79.417000,79.565000,78.554000,78.717000,84.420000,84.600000,83.500000,83.686000,4.969000,0.063125
2026-03-06 01:00,78.680000,79.923000,78.249000,79.873000,83.683000,84.502000,83.201000,84.483000,4.610000,0.057717
2026-03-06 02:00,79.880000,79.912000,79.222000,79.696000,84.493000,84.503000,83.888000,84.307000,4.611000,0.057857
2026-03-06 03:00,79.731000,80.244000,79.534000,80.132000,84.287000,84.635000,84.213000,84.495000,4.363000,0.054448
2026-03-06 04:00,80.112000,80.163000,79.842000,80.108000,84.457000,84.460000,84.207000,84.441000,4.333000,0.054089
2026-03-06 05:00,80.108000,80.518000,79.758000,80.427000,84.559000,85.004000,84.271000,84.932000,4.505000,0.056014
2026-03-06 06:00,80.407000,81.009000,80.289000,80.745000,84.893000,85.429000,84.855000,85.250000,4.505000,0.055793
2026-03-06 07:00,80.805000,81.178000,80.323000,81.175000,85.190000,85.595000,84.754000,85.538000,4.363000,0.053748
2026-03-06 08:00,81.137000,81.600000,80.888000,81.185000,85.505000,85.971000,85.173000,85.310000,4.125000,0.050810
2026-03-06 09:00,81.070000,84.734000,80.963000,84.585000,85.243000,87.577000,85.026000,87.453000,2.868000,0.033907
2026-03-06 10:00,84.550000,84.585000,83.485000,83.868000,87.398000,87.453000,86.639000,86.995000,3.127000,0.037285
2026-03-06 11:00,83.858000,86.140000,83.814000,86.001000,87.070000,89.419000,87.047000,89.411000,3.410000,0.039651
2026-03-06 12:00,86.006000,86.489000,85.127000,85.880000,89.197000,89.598000,88.787000,89.180000,3.300000,0.038426
2026-03-06 13:00,85.856000,87.590000,84.700000,87.212000,89.111000,90.425000,87.801000,89.869000,2.657000,0.030466
2026-03-06 14:00,87.191000,89.489000,86.764000,88.486000,89.862000,92.058000,89.702000,91.553000,3.067000,0.034661
2026-03-06 15:00,88.439000,89.250000,87.192000,88.429000,91.554000,92.463000,90.561000,90.965000,2.536000,0.028678
2026-03-06 16:00,88.469000,89.700000,87.701000,89.623000,90.953000,92.021000,90.267000,91.999000,2.376000,0.026511
2026-03-06 17:00,89.689000,92.112000,88.940000,91.985000,91.920000,93.707000,91.185000,93.481000,1.496000,0.016264
2026-03-06 18:00,91.997000,92.041000,89.109000,91.400000,93.351000,93.524000,91.219000,93.524000,2.124000,0.023239
2026-03-06 19:00,91.425000,91.425000,89.950000,91.061000,93.456000,93.456000,91.599000,92.201000,1.140000,0.012519
2026-03-06 20:00,91.057000,91.103000,90.228000,90.692000,92.184000,92.236000,91.575000,91.839000,1.147000,0.012647
2026-03-06 21:00,90.678000,91.419000,90.451000,91.121000,91.858000,92.813000,91.748000,92.654000,1.533000,0.016824
2026-03-06 22:00,91.121000,91.188000,88.600000,89.572000,92.701000,93.136000,91.810000,92.357000,2.785000,0.031092
2026-03-06 23:00,89.512000,90.360000,88.455000,89.721000,92.297000,92.368000,88.555000,90.778000,1.057000,0.011781
2026-03-07 00:00,89.721000,90.810000,89.604000,89.944000,91.050000,93.059000,90.052000,91.803000,1.859000,0.020668
2026-03-07 01:00,89.944000,90.700000,89.500000,89.576000,91.934000,92.612000,91.800000,92.007000,2.431000,0.027139
2026-03-07 02:00,89.576000,90.193000,89.316000,89.744000,91.879000,91.991000,89.204000,91.306000,1.562000,0.017405
2026-03-07 03:00,89.672000,90.534000,89.571000,89.649000,91.224000,91.600000,90.000000,90.000000,0.351000,0.003915
2026-03-07 04:00,89.655000,93.437000,89.637000,92.151000,90.000000,93.200000,90.000000,93.200000,1.049000,0.011383
2026-03-07 05:00,92.151000,92.970000,91.359000,92.684000,93.200000,93.805000,91.617000,93.800000,1.116000,0.012041
2026-03-07 06:00,92.684000,93.506000,92.142000,92.287000,93.321000,95.000000,92.460000,93.690000,1.403000,0.015203
2026-03-07 07:00,92.287000,93.592000,91.715000,92.972000,93.689000,94.617000,93.151000,94.473000,1.501000,0.016145
2026-03-07 08:00,93.040000,93.777000,91.400000,93.501000,94.473000,94.500000,93.000000,94.337000,0.836000,0.008941
2026-03-07 09:00,93.498000,93.583000,91.434000,91.760000,94.381000,94.635000,93.560000,93.987000,2.227000,0.024270
2026-03-07 10:00,91.764000,92.280000,90.014000,92.207000,94.003000,94.485000,92.100000,93.446000,1.239000,0.013437
2026-03-07 11:00,92.271000,92.299000,90.000000,90.733000,93.523000,93.533000,90.980000,92.091000,1.358000,0.014967
2026-03-07 12:00,90.820000,92.928000,90.703000,91.773000,92.088000,93.221000,91.999000,92.688000,0.915000,0.009970
2026-03-07 13:00,91.847000,92.700000,91.118000,91.848000,92.699000,93.600000,92.440000,93.213000,1.365000,0.014862
2026-03-07 14:00,91.848000,92.250000,91.000000,91.249000,93.459000,93.951000,92.401000,92.852000,1.603000,0.017567
2026-03-07 15:00,91.290000,91.964000,91.000000,91.311000,92.856000,94.220000,92.820000,93.672000,2.361000,0.025857
2026-03-07 16:00,91.311000,91.658000,90.100000,90.913000,93.616000,94.000000,91.241000,91.697000,0.784000,0.008624
2026-03-07 17:00,90.913000,91.836000,90.464000,90.827000,91.694000,92.529000,91.601000,91.692000,0.865000,0.009524
2026-03-07 18:00,90.854000,91.425000,90.400000,91.307000,91.686000,92.995000,91.607000,92.633000,1.326000,0.014522
2026-03-07 19:00,91.345000,93.690000,91.100000,93.093000,92.633000,94.756000,91.845000,93.938000,0.845000,0.009077
2026-03-07 20:00,93.093000,93.333000,91.820000,92.731000,93.938000,95.400000,93.810000,94.689000,1.958000,0.021115
2026-03-07 21:00,92.735000,93.799000,92.400000,93.024000,94.640000,95.767000,94.100000,95.120000,2.096000,0.022532
2026-03-07 22:00,93.025000,94.671000,92.925000,94.240000,95.040000,96.281000,95.040000,96.269000,2.029000,0.021530
2026-03-07 23:00,94.102000,95.203000,94.020000,94.350000,96.272000,96.999000,95.400000,95.608000,1.258000,0.013333
2026-03-08 00:00,94.349000,95.615000,94.200000,95.010000,95.605000,97.190000,95.589000,97.128000,2.118000,0.022292
2026-03-08 01:00,95.010000,95.799000,94.500000,95.422000,97.188000,97.319000,96.533000,97.216000,1.794000,0.018801
2026-03-08 02:00,95.422000,95.833000,95.031000,95.829000,97.216000,97.499000,97.076000,97.499000,1.670000,0.017427
2026-03-08 03:00,95.682000,95.833000,95.433000,95.520000,97.500000,97.513000,97.500000,97.507000,1.987000,0.020802
2026-03-08 04:00,95.520000,95.833000,95.433000,95.738000,97.501000,97.513000,97.470000,97.470000,1.732000,0.018091
2026-03-08 05:00,95.736000,95.833000,95.710000,95.833000,97.504000,97.513000,97.470000,97.513000,1.680000,0.017530
2026-03-08 06:00,95.833000,95.833000,95.710000,95.788000,97.513000,97.513000,97.470000,97.511000,1.723000,0.017988
2026-03-08 07:00,95.788000,95.833000,95.517000,95.614000,97.513000,97.513000,97.363000,97.363000,1.749000,0.018292
2026-03-08 08:00,95.641000,95.833000,94.541000,94.729000,97.375000,97.513000,97.363000,97.513000,2.784000,0.029389
2026-03-08 09:00,94.632000,95.832000,94.274000,94.274000,97.513000,97.513000,97.004000,97.004000,2.730000,0.028958
2026-03-08 10:00,94.274000,95.800000,92.423000,94.847000,97.005000,97.513000,95.940000,97.287000,2.440000,0.025726
2026-03-08 11:00,94.752000,95.660000,94.064000,95.203000,97.287000,97.340000,96.200000,96.801000,1.598000,0.016785
2026-03-08 12:00,95.196000,95.700000,94.650000,95.563000,97.119000,97.230000,96.129000,97.230000,1.667000,0.017444
2026-03-08 13:00,95.633000,95.830000,94.926000,95.054000,97.229000,97.513000,97.179000,97.380000,2.326000,0.024470
2026-03-08 14:00,95.054000,95.500000,94.507000,95.212000,97.380000,97.440000,96.889000,97.000000,1.788000,0.018779
2026-03-08 15:00,95.212000,95.400000,94.400000,94.862000,97.000000,97.513000,96.552000,96.560000,1.698000,0.017900
2026-03-08 16:00,94.862000,95.327000,94.660000,95.083000,96.908000,97.513000,96.570000,97.376000,2.293000,0.024116
2026-03-08 17:00,95.083000,95.812000,94.960000,95.777000,97.364000,97.513000,97.020000,97.513000,1.736000,0.018125
2026-03-08 18:00,95.777000,95.833000,95.652000,95.833000,97.513000,97.513000,97.210000,97.441000,1.608000,0.016779
2026-03-08 19:00,95.833000,95.833000,95.833000,95.833000,97.330000,97.513000,97.307000,97.513000,1.680000,0.017530
2026-03-08 20:00,95.833000,95.833000,95.367000,95.833000,97.513000,97.513000,97.513000,97.513000,1.680000,0.017530
2026-03-08 21:00,95.833000,95.833000,95.640000,95.833000,97.513000,97.513000,97.403000,97.505000,1.672000,0.017447
2026-03-08 22:00,95.833000,111.530000,95.831000,106.010000,97.514000,110.000000,97.514000,106.560000,0.550000,0.005188
2026-03-08 23:00,106.060000,107.820000,103.940000,107.230000,106.560000,107.980000,105.200000,107.800000,0.570000,0.005316
2026-03-09 00:00,107.270000,109.470000,105.880000,107.670000,107.640000,109.900000,106.500000,108.310000,0.640000,0.005944
2026-03-09 01:00,107.580000,113.760000,107.300000,113.150000,108.320000,114.180000,107.150000,113.850000,0.700000,0.006186
2026-03-09 02:00,113.230000,118.000000,110.860000,112.850000,113.660000,117.580000,112.140000,113.710000,0.860000,0.007621
2026-03-09 03:00,112.750000,115.340000,109.540000,114.590000,113.600000,115.910000,111.100000,115.200000,0.610000,0.005323
2026-03-09 04:00,114.510000,115.640000,113.550000,114.530000,115.060000,116.000000,114.100000,114.940000,0.410000,0.003580
2026-03-09 05:00,114.530000,114.640000,102.400000,103.450000,114.880000,115.040000,103.820000,104.400000,0.950000,0.009183
2026-03-09 06:00,103.550000,106.650000,99.463000,103.910000,104.220000,108.540000,102.480000,106.970000,3.060000,0.029449
2026-03-09 07:00,103.870000,103.890000,100.280000,102.500000,106.900000,106.900000,102.590000,105.680000,3.180000,0.031024
2026-03-09 08:00,102.500000,104.860000,101.180000,102.710000,105.610000,107.350000,104.320000,105.560000,2.850000,0.027748
2026-03-09 09:00,102.680000,104.090000,93.357000,100.180000,105.490000,106.040000,99.000000,102.340000,2.160000,0.021561
2026-03-09 10:00,100.180000,103.080000,99.771000,102.500000,102.330000,105.440000,102.110000,104.280000,1.780000,0.017366
2026-03-09 11:00,102.500000,102.890000,100.390000,101.000000,104.200000,104.420000,102.450000,102.990000,1.990000,0.019703
2026-03-09 12:00,101.020000,102.530000,98.732000,101.210000,102.910000,103.770000,100.700000,102.610000,1.400000,0.013833
2026-03-09 13:00,101.230000,101.230000,96.316000,98.465000,102.500000,102.540000,98.894000,100.530000,2.065000,0.020972
2026-03-09 14:00,98.540000,103.700000,98.172000,99.498000,100.460000,104.820000,99.946000,101.370000,1.872000,0.018814
2026-03-09 15:00,99.568000,99.696000,94.101000,95.072000,101.350000,101.560000,95.946000,96.965000,1.893000,0.019911
2026-03-09 16:00,95.082000,96.539000,92.830000,94.255000,96.968000,98.845000,96.871000,98.241000,3.986000,0.042290
2026-03-09 17:00,94.283000,95.609000,93.814000,94.399000,98.141000,99.273000,97.504000,98.107000,3.708000,0.039280
2026-03-09 18:00,94.372000,94.544000,90.930000,94.202000,98.084000,98.119000,94.899000,97.756000,3.554000,0.037727
2026-03-09 19:00,94.167000,94.466000,80.146000,85.726000,97.778000,97.937000,81.424000,88.221000,2.495000,0.029104
2026-03-09 20:00,85.578000,88.560000,82.400000,84.567000,88.263000,91.090000,85.115000,87.683000,3.116000,0.036847
2026-03-09 21:00,84.510000,87.938000,84.173000,84.439000,87.705000,89.276000,86.364000,87.357000,2.918000,0.034557
2026-03-09 22:00,84.285000,89.635000,84.058000,87.228000,87.438000,91.938000,86.532000,90.145000,2.917000,0.033441
2026-03-09 23:00,87.228000,89.266000,86.488000,87.760000,90.460000,92.262000,89.631000,91.191000,3.431000,0.039095
2026-03-10 00:00,87.766000,88.256000,84.285000,85.875000,91.045000,91.373000,87.470000,88.918000,3.043000,0.035435
2026-03-10 01:00,85.864000,86.023000,83.487000,83.958000,88.891000,89.001000,86.364000,86.877000,2.919000,0.034767
2026-03-10 02:00,83.968000,87.952000,83.913000,87.717000,86.982000,90.806000,86.732000,90.620000,2.903000,0.033095
2026-03-10 03:00,87.712000,90.113000,87.112000,88.637000,90.609000,92.636000,90.165000,91.664000,3.027000,0.034151
2026-03-10 04:00,88.595000,89.801000,88.396000,89.203000,91.709000,92.794000,91.372000,92.360000,3.157000,0.035391
2026-03-10 05:00,89.162000,89.205000,86.331000,88.030000,92.331000,92.430000,89.896000,91.390000,3.360000,0.038169
2026-03-10 06:00,88.017000,89.135000,86.825000,88.834000,91.365000,92.245000,90.290000,91.855000,3.021000,0.034007
2026-03-10 07:00,88.841000,89.041000,84.600000,84.943000,91.901000,92.119000,86.977000,87.545000,2.602000,0.030632
2026-03-10 08:00,84.963000,87.800000,84.459000,87.716000,87.499000,90.865000,87.115000,90.813000,3.097000,0.035307
2026-03-10 09:00,87.736000,87.889000,84.980000,85.992000,90.869000,90.895000,87.347000,88.659000,2.667000,0.031015
2026-03-10 10:00,86.027000,88.940000,85.849000,87.463000,88.647000,91.071000,88.504000,89.813000,2.350000,0.026869
2026-03-10 11:00,87.499000,88.518000,85.220000,87.772000,89.792000,90.884000,87.300000,90.391000,2.619000,0.029839
2026-03-10 12:00,87.783000,89.744000,87.473000,88.174000,90.267000,91.960000,89.622000,90.399000,2.225000,0.025234
2026-03-10 13:00,88.237000,88.263000,86.200000,86.526000,90.273000,90.518000,88.827000,89.334000,2.808000,0.032453
2026-03-10 14:00,86.526000,87.392000,82.100000,83.500000,89.332000,90.082000,85.048000,86.488000,2.988000,0.035784
2026-03-10 15:00,83.471000,84.234000,82.170000,83.589000,86.437000,87.549000,85.159000,86.924000,3.335000,0.039898
2026-03-10 16:00,83.629000,84.997000,81.400000,81.654000,86.944000,88.165000,84.844000,85.050000,3.396000,0.041590
2026-03-10 17:00,81.653000,82.008000,76.567000,79.649000,85.004000,85.449000,80.200000,83.282000,3.633000,0.045613
2026-03-10 18:00,79.615000,86.229000,79.085000,83.446000,83.279000,89.968000,82.774000,87.501000,4.055000,0.048594
2026-03-10 19:00,83.446000,86.635000,83.294000,85.975000,87.501000,90.444000,87.331000,90.100000,4.125000,0.047979
2026-03-10 20:00,85.896000,86.513000,85.000000,85.564000,90.046000,90.163000,88.899000,89.329000,3.765000,0.044002
2026-03-10 21:00,85.564000,86.636000,84.580000,85.825000,89.301000,89.919000,88.032000,89.230000,3.405000,0.039674
2026-03-10 22:00,85.825000,87.836000,85.825000,87.642000,89.588000,91.879000,89.588000,91.075000,3.433000,0.039171
2026-03-10 23:00,87.633000,87.641000,84.084000,84.820000,91.100000,91.100000,88.400000,89.068000,4.248000,0.050083
2026-03-11 00:00,84.764000,84.955000,81.000000,82.279000,89.066000,89.068000,85.073000,85.908000,3.629000,0.044106
2026-03-11 01:00,82.274000,83.704000,81.801000,82.616000,85.937000,87.441000,85.423000,86.474000,3.858000,0.046698
2026-03-11 02:00,82.603000,84.073000,82.475000,83.339000,86.388000,87.747000,86.320000,86.936000,3.597000,0.043161
2026-03-11 03:00,83.352000,83.559000,82.000000,82.257000,86.938000,87.160000,85.000000,85.321000,3.064000,0.037249
2026-03-11 04:00,82.250000,83.399000,81.892000,82.502000,85.275000,86.169000,84.921000,85.430000,2.928000,0.035490
2026-03-11 05:00,82.473000,83.429000,82.409000,83.110000,85.436000,86.468000,85.277000,86.193000,3.083000,0.037095
2026-03-11 06:00,83.116000,83.653000,82.300000,82.757000,86.160000,86.646000,85.272000,85.760000,3.003000,0.036287
2026-03-11 07:00,82.788000,84.906000,82.471000,84.617000,85.764000,87.892000,85.499000,87.752000,3.135000,0.037049
2026-03-11 08:00,84.587000,85.857000,84.057000,85.490000,87.631000,88.694000,86.854000,88.027000,2.537000,0.029676
2026-03-11 09:00,85.510000,87.859000,85.348000,87.660000,88.038000,90.231000,87.825000,90.004000,2.344000,0.026740
2026-03-11 10:00,87.659000,87.659000,83.584000,84.013000,90.004000,90.004000,86.741000,87.012000,2.999000,0.035697
2026-03-11 11:00,84.013000,86.307000,83.709000,85.809000,87.003000,89.500000,86.800000,89.030000,3.221000,0.037537
2026-03-11 12:00,85.820000,87.082000,85.294000,86.194000,89.036000,90.150000,88.345000,89.386000,3.192000,0.037033
2026-03-11 13:00,86.239000,86.273000,82.769000,83.267000,89.349000,89.349000,86.207000,86.655000,3.388000,0.040688
2026-03-11 14:00,83.267000,86.152000,81.563000,85.269000,86.770000,89.357000,85.710000,88.671000,3.402000,0.039897
2026-03-11 15:00,85.315000,86.707000,84.889000,86.610000,88.659000,90.112000,88.411000,90.112000,3.502000,0.040434
2026-03-11 16:00,86.634000,87.537000,85.919000,86.153000,90.093000,91.014000,89.492000,89.742000,3.589000,0.041658
2026-03-11 17:00,86.161000,87.404000,85.374000,86.846000,89.689000,90.777000,88.970000,90.134000,3.288000,0.037860
2026-03-11 18:00,86.840000,87.504000,85.918000,86.320000,90.066000,90.744000,89.745000,90.132000,3.812000,0.044161
2026-03-11 19:00,86.320000,87.236000,86.020000,87.164000,90.108000,90.777000,90.089000,90.700000,3.536000,0.040567
2026-03-11 20:00,87.184000,87.700000,86.987000,87.342000,90.673000,91.344000,90.578000,90.940000,3.598000,0.041194
2026-03-11 21:00,87.366000,88.375000,86.952000,87.525000,90.905000,91.585000,90.251000,91.479000,3.954000,0.045176
2026-03-11 22:00,87.520000,92.043000,87.285000,90.107000,91.480000,95.504000,91.318000,92.785000,2.678000,0.029720
2026-03-11 23:00,90.107000,93.665000,89.935000,91.751000,92.849000,96.428000,92.849000,94.188000,2.437000,0.026561
2026-03-12 00:00,91.741000,93.521000,91.249000,92.178000,94.188000,96.693000,93.537000,95.699000,3.521000,0.038198
2026-03-12 01:00,92.172000,92.974000,90.532000,92.165000,95.698000,96.234000,93.866000,95.101000,2.936000,0.031856
2026-03-12 02:00,92.160000,95.000000,92.154000,93.514000,95.123000,98.130000,95.042000,96.597000,3.083000,0.032968
2026-03-12 03:00,93.555000,94.615000,93.114000,93.663000,96.597000,97.841000,96.282000,96.829000,3.166000,0.033802
2026-03-12 04:00,93.666000,94.388000,93.247000,93.972000,96.787000,97.356000,96.368000,96.996000,3.024000,0.032180
2026-03-12 05:00,93.962000,93.962000,91.289000,91.986000,96.957000,96.957000,94.334000,95.067000,3.081000,0.033494
2026-03-12 06:00,92.021000,92.645000,90.404000,91.398000,95.187000,95.850000,93.440000,94.696000,3.298000,0.036084
2026-03-12 07:00,91.396000,91.422000,89.112000,89.647000,94.678000,94.678000,92.100000,92.702000,3.055000,0.034078
2026-03-12 08:00,89.648000,91.652000,89.440000,91.237000,92.666000,94.964000,92.476000,94.484000,3.247000,0.035589
2026-03-12 09:00,91.239000,91.963000,89.999000,90.149000,94.450000,95.164000,93.186000,93.488000,3.339000,0.037039
2026-03-12 10:00,90.139000,90.806000,89.654000,90.080000,93.487000,94.107000,93.051000,93.410000,3.330000,0.036967
2026-03-12 11:00,90.080000,91.761000,90.040000,91.604000,93.421000,94.892000,93.359000,94.700000,3.096000,0.033798
2026-03-12 12:00,91.614000,92.456000,91.316000,91.779000,94.647000,95.523000,94.431000,94.949000,3.170000,0.034539
2026-03-12 13:00,91.751000,93.954000,91.493000,93.600000,94.857000,97.000000,94.657000,96.435000,2.835000,0.030288
2026-03-12 14:00,93.643000,94.599000,92.850000,94.160000,96.435000,97.279000,95.670000,96.835000,2.675000,0.028409
2026-03-12 15:00,94.150000,95.479000,92.629000,92.919000,96.831000,97.906000,95.208000,95.733000,2.814000,0.030284
2026-03-12 16:00,92.940000,94.212000,91.626000,93.429000,95.737000,96.873000,94.437000,96.099000,2.670000,0.028578
2026-03-12 17:00,93.428000,94.308000,93.066000,93.221000,96.098000,96.685000,95.652000,95.728000,2.507000,0.026893
2026-03-12 18:00,93.219000,95.514000,92.830000,95.371000,95.699000,98.253000,95.351000,98.119000,2.748000,0.028814
2026-03-12 19:00,95.392000,95.786000,94.294000,95.068000,98.158000,98.466000,97.068000,97.766000,2.698000,0.028380
2026-03-12 20:00,95.074000,95.413000,94.482000,95.119000,97.783000,98.041000,96.905000,97.581000,2.462000,0.025883
2026-03-12 21:00,95.110000,96.316000,94.825000,96.181000,97.581000,102.100000,97.061000,98.386000,2.205000,0.022926
2026-03-12 22:00,96.181000,96.929000,94.561000,95.136000,98.346000,99.612000,97.088000,97.797000,2.661000,0.027970
2026-03-12 23:00,95.160000,96.335000,95.160000,95.426000,97.819000,99.034000,97.815000,98.015000,2.589000,0.027131
2026-03-13 00:00,95.456000,95.539000,93.504000,94.408000,97.989000,98.016000,96.193000,96.916000,2.508000,0.026566
2026-03-13 01:00,94.410000,94.974000,93.493000,94.458000,96.893000,97.384000,95.958000,96.935000,2.477000,0.026223
2026-03-13 02:00,94.454000,95.301000,94.116000,95.115000,96.862000,97.855000,96.536000,97.708000,2.593000,0.027262
2026-03-13 03:00,95.104000,95.441000,94.047000,94.384000,97.680000,98.007000,96.642000,97.046000,2.662000,0.028204
2026-03-13 04:00,94.385000,94.692000,94.050000,94.110000,97.040000,97.179000,96.521000,96.733000,2.623000,0.027872
2026-03-13 05:00,94.112000,94.478000,93.743000,93.928000,96.700000,97.047000,96.236000,96.417000,2.489000,0.026499
2026-03-13 06:00,93.974000,95.185000,93.364000,95.114000,96.471000,97.480000,95.781000,97.442000,2.328000,0.024476
2026-03-13 07:00,95.115000,96.433000,94.978000,96.087000,97.446000,98.713000,97.278000,98.425000,2.338000,0.024332
2026-03-13 08:00,96.100000,96.754000,94.492000,94.640000,98.425000,98.861000,96.903000,97.208000,2.568000,0.027134
2026-03-13 09:00,94.639000,95.244000,93.881000,94.784000,97.120000,97.784000,96.393000,97.444000,2.660000,0.028064
2026-03-13 10:00,94.769000,94.907000,92.448000,92.693000,97.342000,97.481000,95.200000,95.618000,2.925000,0.031556
2026-03-13 11:00,92.687000,94.068000,92.191000,92.480000,95.600000,96.909000,95.076000,95.490000,3.010000,0.032548
2026-03-13 12:00,92.495000,93.411000,91.000000,92.443000,95.559000,96.260000,94.042000,95.339000,2.896000,0.031327
2026-03-13 13:00,92.428000,93.324000,91.821000,93.221000,95.349000,96.155000,94.800000,96.041000,2.820000,0.030251
2026-03-13 14:00,93.240000,94.436000,92.805000,94.253000,96.041000,97.050000,95.715000,96.784000,2.531000,0.026853
2026-03-13 15:00,94.259000,95.394000,94.053000,94.905000,96.812000,97.868000,96.630000,97.332000,2.427000,0.025573
2026-03-13 16:00,94.887000,95.968000,94.755000,95.245000,97.297000,98.251000,97.040000,97.276000,2.031000,0.021324
2026-03-13 17:00,95.246000,96.414000,94.829000,96.154000,97.279000,98.566000,96.282000,98.309000,2.155000,0.022412
2026-03-13 18:00,96.100000,97.362000,95.248000,95.723000,98.294000,99.271000,97.590000,97.973000,2.250000,0.023505
2026-03-13 19:00,95.727000,96.468000,95.540000,96.290000,97.994000,98.845000,97.743000,98.751000,2.461000,0.025558
2026-03-13 20:00,96.290000,97.360000,96.285000,97.360000,98.755000,99.631000,98.654000,99.476000,2.116000,0.021734
2026-03-13 21:00,97.326000,97.740000,97.000000,97.424000,99.500000,100.060000,99.147000,99.351000,1.927000,0.019780
2026-03-13 22:00,97.440000,98.384000,97.010000,98.047000,99.351000,100.500000,99.026000,100.490000,2.443000,0.024917
2026-03-13 23:00,98.045000,98.430000,95.278000,95.765000,100.430000,100.470000,97.773000,98.522000,2.757000,0.028789
2026-03-14 00:00,95.776000,97.725000,95.500000,97.381000,98.346000,100.270000,98.045000,99.599000,2.218000,0.022777
2026-03-14 01:00,97.418000,98.000000,96.860000,97.936000,99.613000,100.480000,99.298000,100.440000,2.504000,0.025568
2026-03-14 02:00,97.936000,99.900000,97.432000,99.743000,100.210000,102.200000,99.688000,101.740000,1.997000,0.020021
2026-03-14 03:00,99.721000,99.850000,98.140000,98.988000,101.700000,102.330000,100.500000,101.350000,2.362000,0.023861
2026-03-14 04:00,98.961000,99.478000,98.596000,99.421000,101.270000,101.720000,101.040000,101.500000,2.079000,0.020911
2026-03-14 05:00,99.423000,99.700000,98.600000,99.298000,101.490000,102.140000,101.330000,101.980000,2.682000,0.027010
2026-03-14 06:00,99.345000,99.630000,98.918000,99.570000,102.000000,102.410000,101.020000,102.120000,2.550000,0.025610
2026-03-14 07:00,99.568000,99.800000,98.723000,99.443000,102.120000,102.690000,101.260000,102.010000,2.567000,0.025814
2026-03-14 08:00,99.443000,101.370000,99.202000,100.620000,102.010000,103.990000,101.770000,103.290000,2.670000,0.026535
2026-03-14 09:00,100.570000,101.400000,100.120000,101.270000,102.820000,104.250000,102.550000,103.990000,2.720000,0.026859
2026-03-14 10:00,101.260000,102.050000,100.660000,101.940000,103.990000,104.250000,103.000000,104.250000,2.310000,0.022660
2026-03-14 11:00,101.930000,102.050000,101.250000,101.780000,104.250000,104.820000,103.710000,104.120000,2.340000,0.022991
2026-03-14 12:00,101.890000,103.070000,101.590000,102.750000,104.120000,105.120000,103.810000,105.120000,2.370000,0.023066
2026-03-14 13:00,102.750000,103.280000,101.100000,101.220000,105.080000,105.550000,103.580000,104.430000,3.210000,0.031713
2026-03-14 14:00,101.190000,102.340000,101.180000,102.200000,104.440000,106.430000,104.210000,105.100000,2.900000,0.028376
2026-03-14 15:00,102.200000,102.230000,100.120000,101.260000,105.100000,105.330000,103.300000,104.450000,3.190000,0.031503
2026-03-14 16:00,101.270000,102.150000,100.900000,101.830000,104.420000,105.390000,103.900000,104.980000,3.150000,0.030934
2026-03-14 17:00,101.820000,102.690000,101.720000,102.200000,104.860000,105.990000,104.850000,105.160000,2.960000,0.028963
2026-03-14 18:00,102.210000,102.520000,101.300000,101.760000,105.150000,105.740000,104.160000,105.050000,3.290000,0.032331
2026-03-14 19:00,101.720000,102.700000,101.700000,102.700000,105.050000,106.000000,105.000000,105.800000,3.100000,0.030185
2026-03-14 20:00,102.670000,103.000000,102.250000,102.410000,105.790000,106.940000,105.470000,105.960000,3.550000,0.034665
2026-03-14 21:00,102.410000,102.900000,101.630000,102.430000,105.960000,106.490000,105.830000,106.030000,3.600000,0.035146
2026-03-14 22:00,102.380000,102.490000,101.540000,102.120000,106.010000,106.040000,105.110000,105.770000,3.650000,0.035742
2026-03-14 23:00,102.120000,102.160000,98.350000,99.890000,105.760000,105.850000,100.910000,103.250000,3.360000,0.033637
2026-03-15 00:00,99.802000,101.030000,99.000000,100.780000,103.310000,104.540000,102.380000,104.040000,3.260000,0.032348
2026-03-15 01:00,100.730000,100.780000,97.100000,98.320000,104.300000,104.300000,100.290000,101.820000,3.500000,0.035598
2026-03-15 02:00,98.286000,99.000000,96.958000,97.454000,101.820000,102.470000,99.038000,99.687000,2.233000,0.022913
2026-03-15 03:00,97.273000,98.603000,96.958000,98.444000,99.687000,102.050000,99.049000,101.900000,3.456000,0.035106
2026-03-15 04:00,98.531000,99.134000,97.440000,98.108000,101.860000,102.290000,100.150000,101.590000,3.482000,0.035491
2026-03-15 05:00,98.132000,99.703000,97.805000,99.100000,101.500000,103.000000,100.770000,102.290000,3.190000,0.032190
2026-03-15 06:00,99.071000,100.780000,98.650000,100.200000,102.080000,104.000000,101.820000,103.440000,3.240000,0.032335
2026-03-15 07:00,100.200000,100.440000,98.468000,98.468000,103.440000,103.830000,101.630000,101.920000,3.452000,0.035057
2026-03-15 08:00,98.633000,99.509000,98.400000,99.440000,101.850000,103.280000,101.680000,103.050000,3.610000,0.036303
2026-03-15 09:00,99.374000,100.720000,98.780000,99.276000,103.050000,104.290000,102.400000,102.720000,3.444000,0.034691
2026-03-15 10:00,99.227000,100.100000,98.876000,99.275000,102.720000,104.120000,102.370000,103.030000,3.755000,0.037824
2026-03-15 11:00,99.323000,100.360000,99.072000,99.154000,103.040000,103.530000,102.550000,102.650000,3.496000,0.035258
2026-03-15 12:00,99.192000,100.740000,98.943000,100.030000,102.650000,103.810000,102.440000,103.220000,3.190000,0.031890
2026-03-15 13:00,100.040000,101.010000,99.651000,100.000000,103.200000,103.980000,102.880000,103.140000,3.140000,0.031400
2026-03-15 14:00,99.911000,101.850000,99.839000,101.040000,103.080000,105.520000,103.020000,104.480000,3.440000,0.034046
2026-03-15 15:00,101.010000,101.710000,101.010000,101.270000,104.420000,105.130000,104.390000,104.570000,3.300000,0.032586
2026-03-15 16:00,101.230000,101.640000,100.770000,101.520000,104.610000,105.370000,104.080000,104.990000,3.470000,0.034180
2026-03-15 17:00,101.520000,101.790000,101.070000,101.230000,105.030000,105.770000,104.690000,104.980000,3.750000,0.037044
2026-03-15 18:00,101.230000,101.850000,100.880000,101.700000,104.920000,105.570000,104.320000,104.980000,3.280000,0.032252
2026-03-15 19:00,101.720000,101.880000,100.600000,101.250000,104.960000,106.240000,104.230000,104.720000,3.470000,0.034272
2026-03-15 20:00,101.240000,101.740000,100.060000,100.320000,104.730000,105.400000,103.650000,104.060000,3.740000,0.037281
2026-03-15 21:00,100.280000,101.960000,98.701000,101.370000,104.060000,106.000000,101.690000,105.140000,3.770000,0.037190
2026-03-15 22:00,101.370000,101.630000,97.515000,97.747000,104.960000,104.960000,99.917000,100.220000,2.473000,0.025300
2026-03-15 23:00,97.747000,98.497000,96.500000,96.893000,100.200000,101.070000,99.000000,99.492000,2.599000,0.026823
2026-03-16 00:00,96.894000,97.002000,95.628000,95.720000,99.550000,99.580000,98.317000,98.439000,2.719000,0.028406
2026-03-16 01:00,95.696000,97.192000,94.928000,96.970000,98.449000,100.010000,97.425000,99.849000,2.879000,0.029690
2026-03-16 02:00,96.987000,97.919000,96.576000,97.457000,99.785000,100.590000,99.426000,100.280000,2.823000,0.028967
2026-03-16 03:00,97.466000,97.695000,96.965000,97.600000,100.290000,100.530000,99.908000,100.290000,2.690000,0.027561
2026-03-16 04:00,97.600000,98.056000,97.537000,97.839000,100.280000,100.620000,100.240000,100.510000,2.671000,0.027300
2026-03-16 05:00,97.839000,98.042000,96.708000,96.840000,100.540000,100.690000,99.547000,99.717000,2.877000,0.029709
2026-03-16 06:00,96.821000,98.093000,96.505000,97.331000,99.640000,100.810000,99.255000,100.140000,2.809000,0.028860
2026-03-16 07:00,97.345000,99.290000,97.023000,98.827000,100.130000,101.800000,99.740000,101.210000,2.383000,0.024113
2026-03-16 08:00,98.803000,99.214000,98.039000,98.330000,101.260000,101.680000,100.470000,100.680000,2.350000,0.023899
2026-03-16 09:00,98.279000,98.780000,97.252000,97.716000,100.690000,101.200000,99.712000,100.230000,2.514000,0.025728
2026-03-16 10:00,97.716000,97.905000,95.580000,95.670000,100.270000,100.420000,98.155000,98.245000,2.575000,0.026915
2026-03-16 11:00,95.685000,96.689000,95.566000,96.009000,98.219000,99.263000,98.119000,98.835000,2.826000,0.029435
2026-03-16 12:00,95.984000,96.518000,93.300000,94.101000,98.825000,99.171000,97.065000,97.665000,3.564000,0.037874
2026-03-16 13:00,94.106000,94.620000,91.782000,92.189000,97.640000,98.195000,95.530000,95.999000,3.810000,0.041328
2026-03-16 14:00,92.148000,94.522000,91.914000,94.183000,95.949000,98.111000,95.760000,97.774000,3.591000,0.038128
2026-03-16 15:00,94.216000,94.756000,93.599000,94.450000,97.823000,98.285000,97.124000,97.799000,3.349000,0.035458
2026-03-16 16:00,94.461000,95.597000,94.009000,94.567000,97.780000,98.857000,97.330000,97.968000,3.401000,0.035964
2026-03-16 17:00,94.601000,94.611000,92.692000,93.294000,97.904000,97.924000,96.146000,96.701000,3.407000,0.036519
2026-03-16 18:00,93.293000,93.561000,91.940000,92.484000,96.711000,96.952000,95.323000,96.094000,3.610000,0.039034
2026-03-16 19:00,92.483000,93.777000,92.005000,92.433000,96.099000,97.151000,95.692000,96.176000,3.743000,0.040494
2026-03-16 20:00,92.412000,93.250000,92.118000,93.110000,96.118000,97.181000,95.839000,96.979000,3.869000,0.041553
2026-03-16 21:00,93.097000,93.532000,92.913000,93.384000,96.901000,97.080000,96.375000,96.879000,3.495000,0.037426
2026-03-16 22:00,93.384000,94.181000,92.941000,93.829000,96.907000,97.891000,96.790000,97.435000,3.606000,0.038432
2026-03-16 23:00,93.881000,94.181000,93.347000,93.804000,97.442000,97.820000,96.797000,97.462000,3.658000,0.038996
2026-03-17 00:00,93.781000,95.300000,93.744000,94.859000,97.436000,98.777000,97.336000,98.265000,3.406000,0.035906
2026-03-17 01:00,94.825000,95.163000,94.247000,94.944000,98.330000,100.610000,97.895000,98.582000,3.638000,0.038317
2026-03-17 02:00,94.922000,95.242000,94.638000,95.060000,98.579000,98.744000,98.209000,98.550000,3.490000,0.036714
2026-03-17 03:00,95.047000,95.354000,94.847000,95.175000,98.537000,98.653000,98.170000,98.442000,3.267000,0.034326
2026-03-17 04:00,95.172000,95.489000,94.578000,94.956000,98.447000,98.723000,98.082000,98.560000,3.604000,0.037954
2026-03-17 05:00,94.957000,97.118000,94.432000,96.951000,98.560000,100.310000,98.065000,99.980000,3.029000,0.031243
2026-03-17 06:00,96.976000,97.542000,96.161000,96.709000,100.110000,100.470000,99.140000,99.595000,2.886000,0.029842
2026-03-17 07:00,96.761000,96.978000,95.705000,96.073000,99.565000,99.777000,98.740000,99.038000,2.965000,0.030862
2026-03-17 08:00,96.030000,96.956000,95.894000,96.624000,99.014000,100.010000,98.931000,99.876000,3.252000,0.033656
2026-03-17 09:00,96.590000,96.606000,94.928000,95.207000,99.765000,99.806000,98.396000,98.631000,3.424000,0.035964
2026-03-17 10:00,95.221000,96.232000,95.202000,95.526000,98.662000,99.511000,98.644000,98.882000,3.356000,0.035132
2026-03-17 11:00,95.527000,96.356000,95.501000,96.217000,98.885000,99.669000,98.882000,99.564000,3.347000,0.034786
2026-03-17 12:00,96.222000,96.319000,94.586000,94.637000,99.549000,99.641000,98.193000,98.400000,3.763000,0.039762
2026-03-17 13:00,94.600000,94.807000,93.244000,94.394000,98.400000,98.684000,97.315000,98.288000,3.894000,0.041253
2026-03-17 14:00,94.406000,94.764000,93.149000,93.442000,98.307000,98.651000,97.200000,97.424000,3.982000,0.042615
2026-03-17 15:00,93.446000,95.125000,93.225000,94.825000,97.424000,99.040000,97.300000,98.821000,3.996000,0.042141
2026-03-17 16:00,94.805000,95.000000,93.558000,94.294000,98.813000,99.028000,97.597000,98.180000,3.886000,0.041212
2026-03-17 17:00,94.297000,95.320000,94.245000,95.147000,98.200000,99.186000,98.127000,99.071000,3.924000,0.041241
2026-03-17 18:00,95.074000,95.630000,94.776000,95.231000,99.071000,99.565000,98.835000,99.398000,4.167000,0.043757
2026-03-17 19:00,95.230000,95.590000,95.000000,95.419000,99.413000,99.808000,99.168000,99.680000,4.261000,0.044656
2026-03-17 20:00,95.419000,95.570000,95.049000,95.254000,99.670000,99.837000,99.414000,99.550000,4.296000,0.045100
2026-03-17 21:00,95.254000,95.484000,95.200000,95.363000,99.570000,99.890000,99.430000,99.645000,4.282000,0.044902
2026-03-17 22:00,95.363000,95.675000,94.251000,95.166000,99.597000,99.800000,98.357000,99.317000,4.151000,0.043619
2026-03-17 23:00,95.169000,95.634000,94.921000,95.270000,99.350000,99.736000,99.162000,99.484000,4.214000,0.044232
2026-03-18 00:00,95.270000,95.313000,93.983000,94.209000,99.541000,99.566000,98.432000,98.620000,4.411000,0.046821
2026-03-18 01:00,94.190000,94.490000,93.851000,94.247000,98.598000,99.031000,98.290000,98.837000,4.590000,0.048702
2026-03-18 02:00,94.284000,94.454000,93.232000,93.733000,98.827000,99.045000,97.856000,98.303000,4.570000,0.048756
2026-03-18 03:00,93.739000,93.834000,92.371000,92.450000,98.305000,98.376000,97.220000,97.285000,4.835000,0.052299
2026-03-18 04:00,92.448000,92.633000,92.116000,92.516000,97.299000,97.554000,97.127000,97.318000,4.802000,0.051905
2026-03-18 05:00,92.521000,92.923000,91.844000,92.006000,97.316000,97.796000,96.801000,97.229000,5.223000,0.056768
2026-03-18 06:00,92.010000,92.850000,91.418000,92.733000,97.248000,97.903000,96.736000,97.700000,4.967000,0.053562
2026-03-18 07:00,92.700000,93.290000,92.583000,93.242000,97.703000,98.315000,97.604000,98.230000,4.988000,0.053495
2026-03-18 08:00,93.239000,94.191000,93.141000,93.810000,98.180000,99.071000,98.068000,98.716000,4.906000,0.052297
2026-03-18 09:00,93.804000,94.463000,93.666000,94.250000,98.749000,99.323000,98.557000,99.183000,4.933000,0.052340
2026-03-18 10:00,94.270000,94.500000,93.964000,94.225000,99.210000,99.672000,98.945000,99.406000,5.181000,0.054985
2026-03-18 11:00,94.225000,95.539000,93.840000,94.484000,99.421000,100.860000,99.085000,99.799000,5.315000,0.056253
2026-03-18 12:00,94.514000,97.320000,94.443000,97.170000,99.837000,103.800000,99.826000,103.640000,6.470000,0.066584
2026-03-18 13:00,97.190000,98.223000,96.788000,98.016000,103.660000,105.260000,103.080000,104.460000,6.444000,0.065744
2026-03-18 14:00,98.001000,98.584000,97.375000,97.963000,104.460000,105.210000,103.890000,104.470000,6.507000,0.066423
2026-03-18 15:00,97.932000,98.338000,96.880000,97.206000,104.420000,104.670000,103.620000,104.250000,7.044000,0.072465
2026-03-18 16:00,97.193000,97.500000,96.485000,97.028000,104.200000,104.300000,103.510000,104.080000,7.052000,0.072680
2026-03-18 17:00,97.038000,97.369000,94.982000,95.177000,104.110000,104.440000,102.000000,102.300000,7.123000,0.074840
2026-03-18 18:00,95.170000,96.439000,94.241000,96.250000,102.290000,103.930000,101.410000,103.480000,7.230000,0.075117
2026-03-18 19:00,96.229000,97.961000,95.886000,97.623000,103.460000,105.320000,103.200000,104.940000,7.317000,0.074952
2026-03-18 20:00,97.604000,99.686000,97.500000,98.898000,104.990000,107.060000,104.850000,106.270000,7.372000,0.074541
2026-03-18 21:00,98.929000,99.235000,97.171000,98.430000,106.270000,106.430000,105.030000,105.500000,7.070000,0.071828
2026-03-18 22:00,98.430000,98.600000,97.614000,98.099000,105.470000,105.940000,104.270000,105.560000,7.461000,0.076056
2026-03-18 23:00,98.117000,98.534000,97.261000,98.268000,105.550000,105.860000,104.570000,105.650000,7.382000,0.075121
2026-03-19 00:00,98.243000,99.122000,98.132000,98.340000,105.620000,107.470000,105.620000,106.960000,8.620000,0.087655
2026-03-19 01:00,98.302000,98.590000,97.359000,97.989000,106.990000,107.790000,106.050000,107.720000,9.731000,0.099307
2026-03-19 02:00,97.963000,98.131000,95.675000,96.086000,107.700000,108.140000,105.730000,106.880000,10.794000,0.112337
2026-03-19 03:00,96.085000,96.507000,95.758000,96.433000,106.900000,107.100000,105.910000,106.800000,10.367000,0.107505
2026-03-19 04:00,96.434000,96.800000,96.272000,96.466000,106.820000,107.250000,106.670000,107.020000,10.554000,0.109406
2026-03-19 05:00,96.473000,97.168000,95.900000,96.429000,107.030000,108.020000,106.550000,107.780000,11.351000,0.117714
2026-03-19 06:00,96.429000,96.741000,95.998000,96.282000,107.730000,108.610000,107.370000,108.460000,12.178000,0.126483
2026-03-19 07:00,96.282000,96.967000,95.260000,96.755000,108.450000,109.630000,107.560000,108.830000,12.075000,0.124800
2026-03-19 08:00,96.700000,97.220000,95.763000,96.762000,108.740000,110.500000,107.560000,109.840000,13.078000,0.135156
2026-03-19 09:00,96.770000,98.871000,94.387000,95.150000,109.790000,112.160000,107.980000,108.570000,13.420000,0.141040
2026-03-19 10:00,95.130000,96.443000,94.913000,96.232000,108.550000,109.110000,107.440000,108.490000,12.258000,0.127380
2026-03-19 11:00,96.209000,97.663000,95.935000,96.660000,108.500000,109.110000,107.740000,107.740000,11.080000,0.114629
2026-03-19 12:00,96.687000,96.959000,95.285000,96.269000,107.780000,108.150000,106.110000,107.370000,11.101000,0.115312
2026-03-19 13:00,96.245000,97.159000,95.400000,96.012000,107.350000,107.640000,104.660000,105.720000,9.708000,0.101112
2026-03-19 14:00,95.998000,97.165000,95.689000,96.485000,105.750000,106.990000,105.360000,105.940000,9.455000,0.097995
2026-03-19 15:00,96.489000,100.410000,95.719000,98.017000,105.980000,107.670000,105.210000,105.280000,7.263000,0.074099
2026-03-19 16:00,97.998000,98.644000,96.608000,97.126000,105.280000,106.790000,104.100000,105.210000,8.084000,0.083232
2026-03-19 17:00,97.102000,97.242000,95.150000,95.704000,105.210000,105.370000,103.080000,103.910000,8.206000,0.085744
2026-03-19 18:00,95.749000,96.216000,94.171000,95.000000,103.910000,104.750000,102.620000,103.230000,8.230000,0.086632
2026-03-19 19:00,94.996000,95.310000,92.152000,94.283000,103.240000,103.460000,99.647000,103.060000,8.777000,0.093092
2026-03-19 20:00,94.270000,94.770000,93.905000,94.442000,103.070000,103.710000,102.690000,103.200000,8.758000,0.092734
2026-03-19 21:00,94.458000,94.547000,94.246000,94.462000,103.200000,103.450000,101.760000,103.210000,8.748000,0.092609
2026-03-19 22:00,94.432000,94.724000,93.874000,93.923000,103.170000,103.650000,102.650000,102.700000,8.777000,0.093449
2026-03-19 23:00,93.914000,94.120000,93.555000,93.933000,102.660000,102.810000,102.270000,102.580000,8.647000,0.092055
2026-03-20 00:00,93.930000,94.416000,93.391000,94.208000,102.550000,103.020000,101.770000,102.900000,8.692000,0.092264
2026-03-20 01:00,94.192000,94.352000,92.538000,92.910000,102.850000,102.990000,100.400000,101.100000,8.190000,0.088150
2026-03-20 02:00,92.927000,93.717000,92.837000,93.700000,101.120000,102.350000,101.050000,102.320000,8.620000,0.091996
2026-03-20 03:00,93.673000,94.136000,93.400000,93.855000,102.330000,103.060000,101.980000,102.710000,8.855000,0.094348
2026-03-20 04:00,93.856000,94.025000,93.389000,93.995000,102.710000,103.090000,102.180000,103.030000,9.035000,0.096122
2026-03-20 05:00,94.001000,94.225000,93.272000,93.426000,103.040000,103.400000,102.120000,102.290000,8.864000,0.094877
2026-03-20 06:00,93.426000,94.692000,93.400000,94.459000,102.340000,104.100000,102.230000,103.820000,9.361000,0.099101
2026-03-20 07:00,94.437000,94.731000,93.524000,93.692000,103.790000,104.180000,102.960000,103.210000,9.518000,0.101588
2026-03-20 08:00,93.690000,95.511000,93.290000,95.454000,103.190000,104.940000,102.610000,104.870000,9.416000,0.098644
2026-03-20 09:00,95.431000,96.154000,95.085000,95.916000,104.820000,106.400000,104.600000,106.020000,10.104000,0.105342
2026-03-20 10:00,95.900000,96.452000,95.341000,95.440000,106.010000,106.570000,105.000000,105.140000,9.700000,0.101635
2026-03-20 11:00,95.445000,95.520000,94.113000,94.198000,105.110000,105.240000,103.050000,103.190000,8.992000,0.095459
2026-03-20 12:00,94.183000,95.210000,93.959000,95.039000,103.130000,104.110000,102.570000,103.970000,8.931000,0.093972
2026-03-20 13:00,95.000000,96.202000,94.824000,95.971000,103.930000,105.210000,103.820000,104.980000,9.009000,0.093872
2026-03-20 14:00,95.973000,96.990000,95.272000,96.800000,104.980000,105.980000,104.220000,105.900000,9.100000,0.094008
2026-03-20 15:00,96.782000,96.969000,95.733000,96.491000,105.870000,106.150000,104.790000,105.030000,8.539000,0.088495
2026-03-20 16:00,96.520000,97.690000,96.193000,97.489000,104.990000,105.800000,104.680000,105.110000,7.621000,0.078173
2026-03-20 17:00,97.496000,98.500000,97.342000,98.068000,105.110000,106.130000,104.980000,105.700000,7.632000,0.077824
2026-03-20 18:00,98.031000,98.750000,96.955000,98.590000,105.680000,107.410000,104.900000,107.160000,8.570000,0.086926
2026-03-20 19:00,98.602000,98.700000,97.374000,97.426000,107.150000,107.300000,106.050000,106.140000,8.714000,0.089442
2026-03-20 20:00,97.433000,98.153000,97.374000,98.057000,106.190000,107.090000,106.060000,107.000000,8.943000,0.091202
2026-03-20 21:00,98.057000,98.093000,94.544000,95.365000,107.070000,107.500000,102.110000,104.540000,9.175000,0.096209
2026-03-20 22:00,95.266000,96.508000,95.055000,96.319000,104.610000,106.400000,104.210000,105.740000,9.421000,0.097810
2026-03-20 23:00,96.318000,96.688000,96.000000,96.339000,105.740000,106.280000,105.310000,105.770000,9.431000,0.097894
2026-03-21 00:00,96.339000,96.479000,95.710000,96.258000,105.680000,106.180000,105.020000,105.660000,9.402000,0.097675
2026-03-21 01:00,96.240000,96.493000,95.873000,96.315000,105.660000,106.060000,104.950000,105.570000,9.255000,0.096091
2026-03-21 02:00,96.323000,96.405000,96.044000,96.265000,105.530000,105.900000,105.140000,105.220000,8.955000,0.093024
2026-03-21 03:00,96.254000,96.298000,95.727000,96.122000,105.300000,105.420000,103.710000,104.320000,8.198000,0.085287
2026-03-21 04:00,96.122000,96.565000,96.073000,96.418000,104.340000,104.880000,103.820000,104.860000,8.442000,0.087556
2026-03-21 05:00,96.418000,97.007000,96.112000,96.930000,104.870000,105.410000,104.300000,105.390000,8.460000,0.087279
2026-03-21 06:00,96.930000,97.190000,96.540000,96.634000,105.390000,105.910000,104.880000,105.000000,8.366000,0.086574
2026-03-21 07:00,96.630000,97.285000,96.379000,96.491000,105.070000,106.890000,104.940000,105.560000,9.069000,0.093988
2026-03-21 08:00,96.476000,96.513000,95.498000,96.199000,105.540000,105.970000,104.470000,105.350000,9.151000,0.095126
2026-03-21 09:00,96.191000,96.413000,95.758000,95.984000,105.370000,105.820000,105.010000,105.380000,9.396000,0.097891
2026-03-21 10:00,95.982000,96.476000,95.813000,96.475000,105.350000,106.580000,105.350000,106.310000,9.835000,0.101944
2026-03-21 11:00,96.437000,96.474000,95.880000,95.940000,106.340000,106.380000,105.290000,105.440000,9.500000,0.099020
2026-03-21 12:00,95.938000,96.111000,95.700000,95.840000,105.400000,106.160000,104.300000,104.610000,8.770000,0.091507
2026-03-21 13:00,95.830000,96.532000,95.567000,96.100000,104.630000,105.250000,104.540000,104.960000,8.860000,0.092196
2026-03-21 14:00,96.068000,96.769000,95.722000,95.947000,104.930000,105.340000,104.320000,104.920000,8.973000,0.093520
2026-03-21 15:00,95.947000,95.999000,95.567000,95.947000,104.900000,104.920000,104.310000,104.820000,8.873000,0.092478
2026-03-21 16:00,95.945000,96.000000,95.750000,95.824000,104.850000,105.710000,104.330000,104.710000,8.886000,0.092733
2026-03-21 17:00,95.824000,95.995000,95.743000,95.875000,104.690000,104.920000,104.300000,104.800000,8.925000,0.093090
2026-03-21 18:00,95.875000,95.944000,94.961000,95.121000,104.830000,104.840000,103.700000,103.900000,8.779000,0.092293
2026-03-21 19:00,95.120000,95.569000,94.622000,94.796000,103.850000,104.400000,102.880000,103.040000,8.244000,0.086966
2026-03-21 20:00,94.786000,95.790000,94.755000,95.747000,103.040000,104.300000,103.000000,104.220000,8.473000,0.088494
2026-03-21 21:00,95.722000,95.969000,95.525000,95.605000,104.270000,104.710000,103.960000,104.230000,8.625000,0.090215
2026-03-21 22:00,95.605000,96.000000,95.573000,95.877000,104.190000,104.780000,104.020000,104.230000,8.353000,0.087122
2026-03-21 23:00,95.830000,98.210000,95.769000,98.141000,104.180000,107.390000,104.080000,107.210000,9.069000,0.092408
2026-03-22 00:00,98.197000,98.234000,96.383000,97.551000,107.220000,107.600000,105.440000,106.350000,8.799000,0.090199
2026-03-22 01:00,97.551000,98.370000,97.083000,98.304000,106.410000,107.490000,106.370000,107.450000,9.146000,0.093038
2026-03-22 02:00,98.304000,98.526000,97.559000,97.947000,107.450000,107.710000,106.610000,107.040000,9.093000,0.092836
2026-03-22 03:00,97.948000,98.144000,97.110000,97.400000,107.060000,107.900000,106.820000,107.310000,9.910000,0.101745
2026-03-22 04:00,97.401000,97.793000,97.312000,97.380000,107.310000,107.900000,107.070000,107.480000,10.100000,0.103717
2026-03-22 05:00,97.380000,97.681000,97.000000,97.350000,107.460000,107.550000,106.770000,107.210000,9.860000,0.101284
2026-03-22 06:00,97.349000,97.800000,97.242000,97.359000,107.270000,107.670000,106.800000,107.030000,9.671000,0.099333
2026-03-22 07:00,97.358000,97.943000,97.228000,97.601000,107.080000,107.910000,106.900000,107.150000,9.549000,0.097837
2026-03-22 08:00,97.575000,98.043000,97.451000,97.843000,107.160000,107.830000,107.030000,107.410000,9.567000,0.097779
2026-03-22 09:00,97.844000,98.536000,97.751000,98.025000,107.450000,108.950000,107.450000,108.280000,10.255000,0.104616
2026-03-22 10:00,98.029000,98.488000,97.936000,98.407000,108.270000,108.770000,107.920000,108.680000,10.273000,0.104393
2026-03-22 11:00,98.410000,98.680000,98.202000,98.596000,108.610000,108.790000,108.390000,108.740000,10.144000,0.102884
2026-03-22 12:00,98.555000,98.650000,97.700000,97.764000,108.740000,109.110000,108.210000,108.210000,10.446000,0.106849
2026-03-22 13:00,97.740000,98.536000,97.640000,98.490000,108.260000,109.040000,108.150000,108.980000,10.490000,0.106508
2026-03-22 14:00,98.482000,98.700000,97.801000,98.099000,108.960000,109.680000,108.460000,108.950000,10.851000,0.110613
2026-03-22 15:00,98.124000,98.641000,97.619000,98.541000,108.940000,109.900000,108.480000,109.350000,10.809000,0.109690
2026-03-22 16:00,98.540000,99.175000,98.200000,98.650000,109.380000,109.910000,109.060000,109.650000,11.000000,0.111505
2026-03-22 17:00,98.649000,98.978000,98.341000,98.758000,109.740000,110.020000,108.680000,109.680000,10.922000,0.110594
2026-03-22 18:00,98.777000,99.888000,98.598000,99.800000,109.680000,111.010000,109.280000,110.560000,10.760000,0.107816
2026-03-22 19:00,99.810000,99.854000,99.406000,99.701000,110.480000,110.660000,110.080000,110.570000,10.869000,0.109016
2026-03-22 20:00,99.712000,100.950000,99.554000,100.470000,110.540000,111.200000,110.100000,110.410000,9.940000,0.098935
2026-03-22 21:00,100.490000,101.500000,99.745000,100.860000,110.390000,112.040000,110.030000,111.820000,10.960000,0.108665
2026-03-22 22:00,100.850000,101.520000,96.688000,98.107000,111.810000,112.190000,105.730000,106.950000,8.843000,0.090136
2026-03-22 23:00,98.140000,98.761000,97.840000,98.535000,106.900000,107.450000,106.530000,107.180000,8.645000,0.087735
2026-03-23 00:00,98.550000,98.784000,97.846000,98.107000,107.170000,107.500000,106.330000,106.630000,8.523000,0.086875
2026-03-23 01:00,98.114000,98.631000,97.917000,98.571000,106.640000,107.480000,106.580000,107.360000,8.789000,0.089164
